ExpEnv,FcCreateVM,FcCreateVMStd,FcCreateVMMin,FcCreateVMMax,NewContainer,NewContainerStd,NewContainerMin,NewContainerMax,NewTask,NewTaskStd,TaskStart,TaskStartStd,TaskWait,TaskWaitStd,Total,TotalStd
1_4_99999,949.0,13.0,922.0,969.0,214.0,4.0,209.0,221.0,180.0,4.0,9.0,1.0,0.0,0.0,1352.0,13.0
1_4_2000,950.0,22.0,919.0,983.0,215.0,6.0,207.0,228.0,182.0,6.0,8.0,0.0,0.0,0.0,1356.0,21.0
1_4_1500,962.0,10.0,943.0,981.0,217.0,8.0,209.0,236.0,180.0,7.0,8.0,0.0,0.0,0.0,1367.0,12.0
1_4_1000,940.0,16.0,919.0,969.0,278.0,18.0,251.0,302.0,176.0,5.0,9.0,3.0,0.0,0.0,1403.0,8.0
1_8_99999,943.0,16.0,925.0,970.0,216.0,10.0,209.0,244.0,178.0,6.0,8.0,0.0,0.0,0.0,1346.0,19.0
1_8_2000,946.0,17.0,925.0,978.0,282.0,18.0,251.0,304.0,176.0,6.0,9.0,1.0,0.0,0.0,1412.0,9.0
1_8_1500,950.0,12.0,922.0,967.0,597.0,14.0,573.0,617.0,182.0,9.0,8.0,0.0,0.0,0.0,1737.0,9.0
1_8_1000,951.0,8.0,938.0,961.0,1281.0,17.0,1255.0,1310.0,179.0,5.0,9.0,1.0,0.0,0.0,2419.0,7.0
1_16_99999,948.0,11.0,927.0,958.0,560.0,48.0,494.0,660.0,176.0,7.0,8.0,1.0,0.0,0.0,1693.0,51.0
1_16_2000,950.0,14.0,920.0,965.0,1304.0,24.0,1268.0,1347.0,182.0,7.0,8.0,1.0,0.0,0.0,2443.0,20.0
1_16_1500,947.0,14.0,928.0,968.0,1982.0,20.0,1953.0,2022.0,183.0,5.0,8.0,1.0,0.0,0.0,3120.0,9.0
1_16_1000,953.0,15.0,926.0,973.0,3298.0,23.0,3257.0,3333.0,177.0,6.0,9.0,1.0,0.0,0.0,4437.0,16.0
1_32_99999,947.0,17.0,917.0,974.0,561.0,42.0,490.0,611.0,180.0,3.0,8.0,0.0,0.0,0.0,1696.0,48.0
1_32_2000,952.0,11.0,941.0,969.0,3341.0,18.0,3313.0,3367.0,177.0,8.0,9.0,1.0,0.0,0.0,4477.0,12.0
1_32_1500,949.0,15.0,927.0,975.0,4714.0,19.0,4688.0,4744.0,176.0,7.0,8.0,1.0,0.0,0.0,5847.0,18.0
1_32_1000,958.0,15.0,928.0,974.0,7407.0,26.0,7368.0,7449.0,184.0,5.0,9.0,1.0,0.0,0.0,8559.0,18.0
